round_num,player_id,player_name,player_nickname,position,team_id,G,A,FT,FD,FF,FS,PP,I,PE,SG,DP,DD,RB,GC,CV,CA,GS,FC,total_score,current_price,price_delta
13,38062,,Lugano,ZAG,276.0,0,0,0,0,0,0,0,1,5,0,0,0,1,0,0,0,0,1,-0.8,11.34,0.29
13,38162,Frederico Chaves Guedes,Fred,ATA,282.0,1,0,0,0,0,0,0,0,1,0,0,0,0,0,1,0,0,2,1.7,18.89,-2.26
13,38100,Severino dos Ramos Durval da Silva,Durval,ZAG,292.0,0,0,0,0,0,1,0,0,4,0,0,0,1,0,0,0,0,2,0.0,6.63,0.7
13,38140,Fernando Buttenbender Prass,Fernando Prass,GOL,275.0,0,0,0,0,0,1,0,0,0,0,0,3,0,0,0,0,1,0,7.5,15.11,0.33
13,50294,Guilherme Milhomem Gusmão,Guilherme,MEI,264.0,1,0,0,0,1,0,0,0,1,0,0,0,0,0,0,1,0,1,5.9,13.81,0.75
13,50301,Everton Cardoso da Silva,Everton,MEI,262.0,0,0,0,0,0,1,0,0,1,0,0,0,0,0,0,0,0,0,0.2,11.59,-0.48
13,50313,Elicarlos Souza Santos,Elicarlos,MEI,316.0,0,0,0,0,0,1,0,0,1,0,0,0,2,0,0,0,0,1,3.1,7.86,0.13
13,68725,,Diego Renan,LAT,287.0,1,0,0,0,1,0,0,0,5,0,0,0,1,0,0,0,0,1,8.4,12.6,-0.12
13,68698,Bruno César Pereira da Silva,Bruno Silva,MEI,263.0,0,0,0,2,0,2,0,0,2,0,0,0,4,0,0,1,0,2,6.2,8.37,0.28
13,63158,Moisés Lima Magalhães,Moisés,MEI,275.0,0,0,0,0,0,0,0,0,3,0,0,0,0,0,0,0,0,0,-0.9,8.29,-2.03
13,93697,,Gervasio Núñez,MEI,263.0,0,0,0,0,0,0,0,1,0,0,0,0,0,0,0,0,0,0,-0.5,3.38,-1.32
13,70622,,Paulo Bento,TEC,283.0,0,0,0,0,0,0,0,0,0,0,0,0,0,0,0,0,0,0,3.67,6.21,0.4
13,70916,Diogo Barbosa Mendanha,Diogo Barbosa,LAT,263.0,0,0,0,0,0,2,0,0,4,0,0,0,5,0,0,0,0,2,7.3,5.41,1.47
13,73421,Rafael Vaz dos Santos,Rafael Vaz,ZAG,262.0,0,0,0,2,0,1,0,0,2,0,0,0,1,0,0,0,0,0,3.6,10.6,-0.73
13,37613,,Dagoberto,ATA,287.0,0,0,0,2,0,1,0,0,1,0,0,0,0,0,0,0,0,0,2.2,6.24,0.73
13,37770,Marcelo Grohe,Marcelo Grohe,GOL,284.0,0,0,0,0,0,0,0,0,1,1,0,0,0,0,0,1,0,0,2.7,11.73,1.05
13,38246,,Robinho,ATA,282.0,0,0,0,0,0,0,0,0,2,0,0,0,2,0,0,0,0,3,1.3,20.14,-0.92
13,68685,,Alan Patrick,MEI,262.0,0,0,0,0,1,2,0,1,5,0,0,0,3,0,0,0,0,0,4.8,11.83,0.24
13,63172,Paulo Marcos de Jesus Ribeiro,Paulão,ZAG,285.0,0,0,0,0,3,1,0,0,0,0,0,0,5,0,0,0,0,0,11.1,9.03,1.48
13,68723,,Demerson,ZAG,315.0,0,0,0,0,0,1,0,0,0,0,0,0,0,0,0,0,0,0,0.5,2.48,-0.52
13,68893,André Luiz Barretto Silva Lima,André Lima,ATA,293.0,0,0,0,0,2,5,0,0,3,0,0,0,0,0,0,0,0,2,2.0,8.7,0.4
13,81881,João Ricardo Riedi,João Ricardo,GOL,327.0,0,0,0,0,0,0,0,0,1,0,0,1,0,0,0,0,1,0,0.7,5.32,0.23
13,81898,Osman de Menezes Venâncio Junior,Osman,MEI,327.0,0,0,0,0,2,1,0,1,7,0,0,0,1,0,0,0,0,1,0.5,7.81,-0.52
13,42411,Alexi Stival,Cuca,TEC,275.0,0,0,0,0,0,0,0,0,0,0,0,0,0,0,0,0,0,0,3.69,13.99,-0.52
13,68987,,João Vitor,MEI,303.0,0,0,0,0,0,2,0,0,3,0,0,0,2,0,0,0,0,4,1.5,3.4,-1.24
13,69033,,Tony,MEI,327.0,0,0,0,0,0,0,0,0,1,0,0,0,1,0,0,0,0,0,1.4,6.58,-1.42
13,78371,,Miller Bolaños,ATA,284.0,0,0,0,0,0,0,0,0,1,0,0,0,0,0,0,0,0,1,-0.8,5.63,-1.64
13,83257,Gabriel Barbosa Almeida,Gabriel,ATA,277.0,0,0,0,0,0,1,0,1,5,0,0,0,0,0,0,0,0,2,-2.5,9.29,-1.19
13,83615,Thiago Martins Bueno,Thiago Martins,ZAG,275.0,0,0,0,0,0,1,0,0,0,0,0,0,0,0,0,0,0,0,0.5,11.64,-0.4
13,89154,,Gabriel Jesus,ATA,275.0,1,1,0,2,1,5,0,1,1,0,0,0,0,0,0,1,0,2,14.4,31.43,0.4
13,83760,,Caramelo,LAT,276.0,0,0,0,0,0,3,0,0,0,0,0,0,2,0,0,0,0,2,3.9,3.35,1.01
13,87192,José Carlos Cracco Neto,Zeca,LAT,277.0,0,0,0,0,0,1,0,0,6,1,0,0,1,0,0,0,0,0,5.4,10.63,0.32
13,90535,,Alex,MEI,283.0,0,0,0,1,1,2,0,0,1,0,0,0,1,0,0,0,0,0,4.1,1.79,0.68
13,78464,,Fábio Braga,MEI,294.0,0,0,0,0,0,2,0,0,3,0,0,0,2,0,0,0,0,2,2.5,2.05,0.19
13,87887,Fabián Cornelio Balbuena González,Balbuena,ZAG,264.0,0,0,0,0,0,0,0,0,4,1,0,0,0,0,0,0,0,0,3.8,4.26,-1.1
13,87999,Gustavo Henrique Furtado Scarpa,Gustavo Scarpa,MEI,266.0,0,0,0,1,1,1,0,1,6,0,0,0,2,0,0,0,0,1,2.8,12.92,0.49
13,88065,Jorge Marco de Oliveira Moraes,Jorge,LAT,262.0,0,0,0,0,0,1,0,0,2,0,0,0,3,0,0,0,0,2,4.0,19.18,-0.97
13,88087,Ramon Menezes Roma,Ramon,ZAG,287.0,0,0,0,0,0,0,0,0,1,0,0,0,0,0,1,0,0,3,-6.8,3.69,-1.72
13,78500,,Sérgio Manoel,MEI,315.0,0,0,0,0,0,0,0,0,3,0,0,0,5,0,0,0,0,2,6.6,4.06,0.67
13,89637,,Thiago Maia,MEI,277.0,0,0,0,0,0,1,0,0,3,0,0,0,1,0,0,0,0,4,-0.7,4.58,-0.83
13,90569,Yuri Oliveira Lima,Yuri,MEI,277.0,1,0,0,0,0,0,0,0,0,0,0,0,0,0,0,0,0,0,8.0,3.89,2.03
13,90651,,Rodrigão,ATA,277.0,1,0,0,0,1,0,0,0,2,0,0,0,0,0,0,0,0,1,7.6,10.74,1.01
13,87552,Vitor Frezarin Bueno,Vitor Bueno,MEI,277.0,0,0,0,1,0,2,0,0,3,0,0,0,0,0,0,0,0,2,0.1,10.99,0.03
13,87747,Yago Felipe da Costa Rocha,Yago,MEI,316.0,0,0,0,1,0,3,0,0,2,0,0,0,0,0,1,0,0,4,-5.1,1.97,-0.93
13,87486,,Matheus Reis,LAT,276.0,0,0,0,0,0,0,0,0,0,0,0,0,0,0,1,0,0,1,-5.5,5.08,-1.13
13,87863,Giorgian Daniel de Arrascaeta Benedetti,Arrascaeta,MEI,283.0,1,0,0,1,1,3,0,0,6,0,0,0,2,0,0,0,0,1,12.3,20.97,1.52
13,72490,,Fred,ZAG,284.0,0,0,0,0,0,0,0,0,1,1,0,0,2,0,0,0,0,2,7.1,13.14,1.4
13,89840,,Calleri,ATA,276.0,0,0,0,0,0,0,0,0,2,0,0,0,0,0,0,0,0,2,-1.6,16.66,-0.86
13,89898,Róger Krug Guedes,Róger Guedes,ATA,275.0,0,0,0,1,1,3,0,0,6,0,0,0,0,0,0,1,0,1,-1.1,10.56,-1.7
13,89924,Bruno Edgar Silva Almeida,Bruno Ramires,MEI,283.0,0,0,0,0,0,2,0,0,4,0,0,0,2,0,0,0,0,2,2.2,3.78,0.37
13,62130,,William Matheus,LAT,266.0,0,0,0,0,0,2,0,1,4,1,0,0,1,0,0,0,0,0,6.0,6.04,0.04
13,49737,,Fernando Gabriel,MEI,344.0,0,0,0,0,1,0,0,0,5,0,0,0,0,0,0,0,0,1,-1.3,6.71,-0.81
13,68887,Welington Pereira Rodrigues,Gum,ZAG,266.0,0,0,0,0,0,2,0,1,6,1,0,0,0,0,0,0,0,1,3.2,14.49,0.29
13,68834,Francisco Rithely da Silva Sousa,Rithely,MEI,292.0,0,0,0,0,0,1,0,0,3,0,0,0,1,0,0,0,0,3,-0.2,8.99,-1.42
13,88479,,Walace,MEI,284.0,0,0,0,0,0,2,0,0,2,0,0,0,3,0,0,0,0,2,4.5,12.14,0.11
13,88269,,Centurión,ATA,276.0,0,0,0,0,0,2,0,1,4,0,0,0,2,0,0,0,0,0,2.7,8.63,-0.35
13,88323,Ángel Rodrigo Romero Villamayor,Ángel Romero,ATA,264.0,2,1,0,1,0,2,0,1,4,0,0,0,0,0,0,0,0,2,20.3,12.72,2.9
13,89275,,William,LAT,285.0,0,0,0,0,0,1,0,0,7,0,0,0,4,0,0,0,0,1,4.7,14.74,0.74
13,82411,Christian Alberto Cueva Bravo,Cueva,ATA,276.0,0,0,0,0,1,5,0,0,0,0,0,0,0,0,0,0,0,0,3.2,6.92,0.49
13,72071,Maurício Azevedo Alves,Amaral,MEI,287.0,0,0,0,0,0,1,0,0,1,0,0,0,1,0,0,0,0,1,1.4,6.41,-0.27
13,72168,João Paulo Mior,João Paulo,MEI,344.0,1,0,0,0,1,1,0,0,3,0,0,0,0,0,0,0,0,0,8.3,8.3,0.59
13,72334,,Ayrton,LAT,316.0,0,0,0,0,1,1,0,0,5,0,0,0,0,0,0,0,0,0,-0.3,8.75,-1.03
13,72362,Rodrigo Oliveira Lindoso,Rodrigo Lindoso,MEI,263.0,0,0,0,1,0,0,0,0,2,0,0,0,4,0,0,0,0,1,6.7,13.06,0.63
13,37701,Leonardo da Silva Moura,Léo Moura,LAT,344.0,0,0,0,0,0,2,0,0,11,0,0,0,2,0,0,0,0,0,1.1,7.03,0.0
13,73384,Samuel Xavier Brito,Samuel Xavier,LAT,292.0,0,0,0,0,0,1,0,0,3,0,0,0,0,0,0,1,0,4,-4.4,5.31,-1.14
13,72007,Uillian Correia Granemann,Uillian Correia,MEI,344.0,0,0,0,0,0,1,0,0,2,0,0,0,1,0,0,0,0,3,0.1,8.16,-0.28
13,72037,,Renan Fonseca,ZAG,263.0,0,0,0,0,0,0,0,0,5,0,0,0,1,0,0,0,0,0,0.2,1.98,-0.64
13,60794,,Pablo,LAT,327.0,0,0,0,0,0,0,0,0,3,0,0,0,2,0,0,0,0,1,2.0,3.56,-0.44
13,71040,,Felipe Amorim,MEI,294.0,0,0,0,0,0,2,0,0,2,0,0,0,0,0,0,0,0,0,0.4,3.86,0.0
13,71117,,Vander,ATA,287.0,1,0,0,1,0,2,0,0,1,0,0,0,0,0,0,0,0,0,9.7,3.52,0.35
13,81770,Clayton Silveira da Silva,Clayton,ATA,282.0,0,0,0,0,0,3,0,1,6,0,0,0,2,0,0,0,0,2,1.6,6.2,0.14
13,81223,Frickson Rafael  Erazo Vivero,Erazo,ZAG,282.0,0,0,0,0,0,1,0,0,4,0,0,0,1,0,0,1,0,2,-2.0,4.95,-0.79
13,81845,Alisson Euler de Freitas Castro,Alisson,ATA,283.0,1,0,0,0,1,0,0,1,3,0,0,0,0,0,0,1,0,2,4.3,10.79,-0.46
13,78715,Ramiro Moschen Benetti,Ramiro,MEI,284.0,0,0,0,0,0,0,0,0,1,0,0,0,0,0,0,1,0,1,-2.8,5.73,-0.33
13,95693,,Rodney Wallace,ATA,292.0,0,0,0,1,1,0,0,0,7,0,0,0,1,0,0,1,0,1,-1.2,3.9,-2.34
13,95659,,Artur,MEI,276.0,0,0,0,0,0,1,0,0,2,0,0,0,3,0,0,0,0,2,4.0,2.15,0.97
13,70944,Bruno Henrique Corsini,Bruno Henrique,MEI,264.0,0,0,0,0,1,0,0,0,1,0,0,0,6,0,0,0,0,4,8.6,16.53,1.73
13,79437,Roger Machado Marques,Roger Machado ,TEC,284.0,0,0,0,0,0,0,0,0,0,0,0,0,0,0,0,0,0,0,5.54,14.54,0.35
13,78632,Bryan Silva Garcia,Bryan,LAT,283.0,0,0,0,0,0,1,0,0,2,0,0,0,0,0,0,1,0,1,-2.6,6.03,-0.15
13,71631,Weverton Pereira da Silva,Weverton,GOL,293.0,0,0,0,0,0,0,0,0,1,1,0,0,0,0,0,0,0,0,4.7,4.63,1.18
13,79035,Luiz Felipe do Nascimento dos Santos,Luiz Felipe,ZAG,277.0,0,0,0,1,0,1,0,0,1,1,0,0,2,0,0,0,0,0,9.6,7.11,1.12
13,79066,,Alex Muralha,GOL,262.0,0,0,0,0,0,0,0,0,0,0,0,3,0,0,0,0,4,0,1.0,6.98,-0.6
13,95780,José Ricardo Mannarino,Zé Ricardo,TEC,262.0,0,0,0,0,0,0,0,0,0,0,0,0,0,0,0,0,0,0,2.9,12.2,-0.66
13,78865,Rodrigo Dourado Cunha,Rodrigo Dourado,MEI,285.0,0,0,0,0,0,0,0,1,2,0,0,0,6,0,0,0,0,1,8.6,10.41,1.06
13,71162,Vinícius Goes Barbosa de Souza,Vinícius,MEI,293.0,0,0,0,0,1,0,0,0,2,0,0,0,0,0,0,1,0,0,-1.9,7.11,-0.96
13,78765,,Alan Mineiro,MEI,327.0,0,0,0,0,0,0,0,0,2,0,0,0,0,0,0,0,0,0,-0.6,5.77,-0.52
13,37601,,Tiago Cardoso,GOL,344.0,0,0,0,0,0,0,0,0,1,0,0,1,0,0,0,0,2,0,-1.3,5.49,0.54
13,37705,,Juan,MEI,294.0,0,0,0,0,0,2,0,0,5,0,0,0,2,0,0,0,0,1,2.4,15.82,0.19
13,38032,,Cleber Santana,MEI,315.0,0,0,0,0,0,2,0,0,4,0,0,0,3,0,0,0,0,0,4.9,4.72,0.64
13,61033,Rodrigo Eduardo Costa Marinho,Rodriguinho,MEI,264.0,0,1,0,0,0,1,0,0,2,0,0,0,5,0,0,0,0,1,12.9,8.74,2.71
13,60852,Uendel Pereira Gonçalves,Uendel,LAT,264.0,0,0,0,0,0,0,0,0,5,1,0,0,5,0,0,0,0,0,12.0,15.14,1.07
13,61135,,Ananias,ATA,315.0,0,0,0,2,0,0,0,0,2,0,0,0,2,0,0,0,0,1,4.3,3.99,0.42
13,60969,Patric Cabral Lalau,Patric,LAT,282.0,0,0,0,0,0,0,0,0,2,0,0,0,2,0,0,0,0,1,2.3,10.03,-0.56
13,73281,Renê dos Santos Júnior,Renê Júnior,MEI,303.0,0,0,0,1,0,0,0,0,1,0,0,0,2,0,0,1,0,2,1.1,3.97,-0.08
13,72605,,Vitor Hugo,ZAG,275.0,0,0,0,0,0,0,0,0,0,0,0,0,0,0,0,0,0,4,-2.0,7.97,-1.27
13,72717,,Clayton,MEI,292.0,0,0,0,0,0,2,0,0,2,0,0,0,0,0,0,0,0,0,0.4,1.38,0.1
13,74074,Claudio Winck Neto,Claudio Winck,LAT,315.0,0,0,0,0,0,1,0,0,0,0,0,0,3,0,0,0,0,3,4.1,5.53,0.4
13,74078,,Hernani ,MEI,293.0,0,0,0,0,1,2,0,0,6,0,0,0,0,0,0,0,0,0,-0.1,2.59,-2.24
13,74140,José Élber Pimentel da Silva,Élber,MEI,283.0,0,0,0,0,0,2,0,0,1,0,0,0,1,0,0,0,0,0,2.4,13.68,0.05
13,75295,José Paolo Guerrero Gonzales,Paolo Guerrero,ATA,262.0,0,0,0,0,1,2,0,1,3,0,0,0,0,0,0,1,0,1,-2.2,5.76,-1.95
13,70222,Sidney Aparecido Ramos da Silva,Sidão,GOL,263.0,0,0,0,0,0,1,0,0,0,0,0,0,0,0,0,0,1,0,-1.5,3.53,-0.25
13,42236,,Bruno Teles,LAT,327.0,0,0,0,0,1,1,0,0,3,0,0,0,0,0,0,0,0,0,0.3,2.46,-0.54
13,50347,,Alan Kardec,ATA,276.0,0,0,1,0,0,2,0,1,0,0,0,0,0,0,0,0,0,2,3.0,3.9,-0.95
13,50328,Marcelo Oliveira Ferreira,Marcelo Oliveira,LAT,284.0,0,0,0,0,1,0,0,0,2,1,0,0,2,0,0,0,0,1,8.0,14.5,0.71
13,50362,Lucas Rios Marques,Lucas,LAT,283.0,0,1,0,1,0,1,0,0,3,0,0,0,0,0,0,0,0,1,5.1,1.23,0.45
13,50393,,Thiego,ZAG,315.0,0,0,0,0,0,0,0,0,4,0,0,0,3,0,0,0,0,0,3.9,5.84,0.87
13,50326,,Everton Santos,ATA,316.0,0,0,0,0,1,4,0,0,1,0,0,0,0,0,0,0,0,1,1.9,4.11,0.27
13,63194,Carlos Emiliano Pereira,Carlinhos,LAT,294.0,0,0,0,0,0,1,0,0,4,1,0,0,2,0,0,1,0,1,5.2,13.36,-0.22
13,78248,Gustavo Henrique Vernes,Gustavo Henrique,ZAG,277.0,0,0,0,1,0,1,0,0,1,1,0,0,0,0,0,0,0,0,6.2,5.74,0.13
13,78361,,Edgardo Bauza,TEC,276.0,0,0,0,0,0,0,0,0,0,0,0,0,0,0,0,0,0,0,1.43,11.91,-0.23
13,68911,Diego Souza de Andrade,Diego Souza,MEI,292.0,0,0,0,1,1,1,0,1,2,0,0,0,0,0,0,0,0,2,0.1,18.2,-0.14
13,73992,Rodinei Marcelo de Almeida,Rodinei,LAT,262.0,0,0,0,0,1,0,0,0,2,0,0,0,1,0,0,0,0,1,1.3,13.21,-0.78
13,77809,William de Oliveira Pottker,William Pottker,ATA,303.0,0,0,0,1,1,0,0,0,4,0,0,0,1,0,0,0,0,1,1.7,7.67,-3.34
13,78407,Douglas Ricardo Grolli,Douglas Grolli,ZAG,303.0,0,0,0,0,0,0,0,0,2,1,0,0,3,0,0,0,0,1,9.0,9.36,1.0
13,78435,Victor Vinícius Coelho dos Santos,Vitinho,ATA,285.0,0,0,0,0,2,3,0,0,3,0,0,0,2,0,0,1,0,2,2.4,11.95,0.14
13,70742,,Seijas,MEI,285.0,0,0,0,0,0,2,0,0,4,0,0,0,1,0,0,0,0,1,1.0,6.53,-0.19
13,71829,Ocimar de Almeida Júnior,Júnior Urso ,MEI,282.0,0,0,0,0,1,4,0,0,5,0,0,0,4,0,0,1,0,1,5.5,13.59,-0.63
13,71769,,Guilherme Queiroz,ATA,316.0,0,0,0,0,0,0,0,0,1,0,0,0,0,0,0,0,0,1,-0.8,1.41,-0.25
13,70132,Alan Santos da Silva,Alan Santos,MEI,294.0,0,0,0,0,0,0,0,0,1,0,0,0,0,0,0,0,0,2,-1.3,3.78,-0.9
13,41946,,Caio Júnior,TEC,315.0,0,0,0,0,0,0,0,0,0,0,0,0,0,0,0,0,0,0,2.59,8.38,-0.05
13,42500,Fagner Conserva Lemos,Fagner,LAT,264.0,0,0,0,0,0,2,0,0,3,1,0,0,1,0,0,0,0,3,5.3,23.34,0.11
13,50284,,Wilson,GOL,294.0,0,0,0,0,0,0,0,0,2,1,0,3,0,0,0,0,0,0,13.4,11.69,1.09
13,79826,,Douglas Santos,LAT,282.0,0,1,0,0,0,1,0,0,4,0,0,0,1,0,0,0,0,2,5.0,12.17,0.55
13,79578,Luiz Ricardo Alves,Sassá,ATA,263.0,1,0,0,0,0,1,0,0,0,0,0,0,0,0,0,0,0,0,8.5,8.89,0.18
13,80393,Fábio Gonçalves,Fabinho,MEI,285.0,0,0,0,0,0,0,0,0,3,0,0,0,2,0,0,0,0,0,2.5,7.3,1.1
13,80330,,Jocinei,MEI,316.0,0,1,0,1,1,2,0,0,2,0,0,0,0,0,0,1,0,4,3.1,7.67,0.42
13,80337,Arthur Caíke do Nascimento Cruz,Arthur ,ATA,344.0,0,0,0,1,2,1,0,1,2,0,0,0,0,0,0,0,0,1,1.3,8.01,-0.02
13,36612,,Zé Roberto,MEI,275.0,0,0,0,0,0,4,0,0,0,0,0,0,1,0,0,0,0,2,2.7,8.57,-0.31
13,36650,,Magno Alves,ATA,266.0,0,0,0,0,0,1,0,0,0,0,0,0,1,0,0,0,0,1,1.7,5.82,0.34
13,53148,,Ytalo,ATA,276.0,0,0,0,0,0,0,0,0,0,0,0,0,0,0,0,1,0,1,-2.5,4.17,-0.67
13,68962,,Arthur Maia,MEI,315.0,0,0,0,2,1,1,0,0,3,0,0,0,0,0,0,0,0,0,2.3,6.32,-0.73
13,69010,João Carlos Heidemann,João Carlos,GOL,303.0,0,0,0,0,0,0,0,0,0,1,0,0,0,0,0,0,0,0,5.0,8.54,-0.68
13,68930,Welker Marçal de Almeida,Kieza,ATA,287.0,0,0,0,2,0,0,0,1,1,0,0,0,0,0,0,0,0,0,1.2,16.2,-1.08
13,68952,Mário Sérgio Santos Costa,Marinho,ATA,287.0,0,0,0,2,1,6,0,3,4,0,0,0,1,0,0,0,0,2,3.7,15.02,-1.99
13,69177,Leonardo Moreira Morais,Léo,LAT,293.0,0,0,0,0,0,1,0,0,6,1,0,0,0,0,0,0,0,2,2.7,3.85,0.66
13,69343,,Mark González,MEI,292.0,0,0,0,1,1,1,0,0,0,0,0,0,0,0,0,0,0,1,1.7,6.45,-1.12
13,69705,Maycon Vinícius Ferreira da Cruz,Nikão,MEI,293.0,1,0,0,0,2,0,0,1,8,0,0,0,1,0,0,0,0,1,7.7,7.5,1.45
13,70046,Victor Ferraz Macedo,Victor Ferraz,LAT,277.0,0,0,0,0,0,1,0,0,1,1,0,0,1,0,0,0,0,0,6.9,15.98,1.31
13,70058,,Tiago Real,MEI,287.0,0,0,0,0,0,0,0,0,1,0,0,0,3,0,0,0,0,1,4.3,1.74,0.73
13,51175,,Denis,GOL,276.0,0,0,0,0,0,0,0,0,0,0,0,1,0,0,0,0,1,0,1.0,7.91,0.41
13,83048,Rafael Thyere Albuquerque Marques,Rafael Thyere,ZAG,284.0,0,0,0,0,0,0,0,0,2,1,0,0,2,0,0,1,0,1,5.3,3.64,0.35
13,94154,Maycon de Andrade Barberan,Maycon,MEI,264.0,0,0,0,0,0,0,0,0,0,0,0,0,0,0,0,0,0,0,0.0,3.71,-0.55
13,90302,Pedro Rocha Neves,Pedro Rocha,ATA,284.0,0,0,0,1,0,0,0,0,0,0,0,0,0,0,0,0,0,0,1.0,4.55,-0.52
13,90399,,Fernandes,MEI,263.0,0,0,0,0,0,0,0,0,0,0,0,0,1,0,0,0,0,0,1.7,10.68,0.42
13,86143,Wanderson Santos Pereira,Wanderson,ZAG,293.0,0,0,0,0,0,0,0,0,0,1,0,0,0,0,0,0,0,0,5.0,3.03,0.92
13,86486,Milton Mendes,Milton Mendes,TEC,344.0,0,0,0,0,0,0,0,0,0,0,0,0,0,0,0,0,0,0,2.28,7.21,0.28
13,90768,Fabrício Bruno Soares de Faria,Fabrício Bruno,ZAG,283.0,0,0,0,0,1,0,0,0,1,0,0,0,1,0,0,0,0,0,2.1,2.8,-1.08
13,90942,,Walter Guimarães,ZAG,344.0,0,0,0,0,0,1,0,0,3,0,0,0,2,0,0,0,0,0,3.0,2.19,0.19
13,36943,,Paulo Autuori,TEC,293.0,0,0,0,0,0,0,0,0,0,0,0,0,0,0,0,0,0,0,3.82,6.68,0.61
13,36940,,Oswaldo de Oliveira,TEC,292.0,0,0,0,0,0,0,0,0,0,0,0,0,0,0,0,0,0,0,0.3,7.6,-0.38
13,52950,Victor Leandro Bagy,Victor,GOL,282.0,0,0,0,0,0,0,0,0,0,0,0,0,0,0,0,0,1,0,-2.0,10.16,-0.99
13,92081,,Richarlison ,ATA,266.0,0,0,0,0,0,3,0,1,2,0,0,0,0,0,0,0,0,2,-0.6,6.53,-0.27
13,92087,,Lyanco,ZAG,276.0,0,0,0,0,0,1,0,0,2,0,0,0,1,0,0,0,0,2,0.6,5.56,-0.98
13,92182,José Carlos Ferreira Júnior,Juninho,ZAG,294.0,0,0,0,0,0,1,0,0,2,1,0,0,0,0,0,0,0,2,3.9,14.87,0.06
13,92128,,Luis Henrique,ATA,263.0,0,0,0,0,2,0,0,0,2,0,0,0,1,0,0,0,0,2,1.5,5.16,-0.04
13,92085,Giovanny Bariani Marques,Giovanny ,MEI,293.0,0,0,0,1,0,0,0,0,0,0,0,0,0,0,0,0,0,0,1.0,2.8,0.12
13,92518,,Marcílio,MEI,344.0,0,0,0,0,1,0,0,0,5,0,0,0,3,0,0,1,0,2,1.3,1.84,-0.16
13,95841,,Matheus Henrique,ATA,316.0,0,0,0,0,0,0,0,0,1,0,0,0,0,0,0,0,0,0,-0.3,1.43,-0.57
13,92193,,Ravanelli,MEI,303.0,0,0,0,0,0,2,0,0,4,0,0,0,1,0,0,0,0,1,1.0,6.5,0.16
13,92207,Caíque Luiz Santos da Purificação,Caíque,GOL,287.0,0,0,0,0,0,0,0,0,0,0,0,3,0,0,0,0,2,0,5.0,3.42,1.19
13,92291,,Bruno Viana,ZAG,283.0,0,0,0,0,1,1,0,0,3,0,0,0,0,0,0,0,0,1,-0.2,1.74,-0.46
13,89285,,Matheus Sales,MEI,275.0,0,0,0,0,1,0,0,0,0,0,0,0,0,0,0,0,0,2,-0.3,4.06,-0.17
13,93883,,Roger,ZAG,327.0,0,0,0,0,1,2,0,0,3,0,0,0,0,0,0,0,0,1,0.3,0.99,-0.21
13,94985,,Dodô,LAT,294.0,0,0,0,0,0,0,0,0,5,1,0,0,0,0,0,0,0,1,3.0,11.7,-0.41
13,95335,Matheus Sousa de Jesus,Matheus Jesus,MEI,303.0,0,0,0,1,0,2,0,0,1,0,0,0,0,0,0,1,0,2,-1.3,3.34,-1.06
13,37788,Marcelo Boeck,Marcelo Boeck,GOL,315.0,0,0,0,0,0,0,0,0,0,0,0,0,0,0,0,0,3,0,-6.0,0.79,-0.57
13,37941,,Borges,ATA,327.0,0,0,0,0,1,0,0,0,4,0,0,0,0,0,0,0,0,0,-0.5,3.59,-0.15
13,49651,Ernando Rodrigues Lopes,Ernando,ZAG,285.0,0,0,0,0,1,0,0,0,2,0,0,0,2,0,0,0,0,0,3.5,11.99,0.79
13,50361,Rafael Ramos de Lima,Rafael Lima,ZAG,315.0,0,0,0,0,1,0,0,0,3,0,0,0,2,0,0,0,0,0,3.2,6.42,-0.55
13,50421,Wesley Lopes Beltrame,Wesley,MEI,276.0,0,0,0,0,0,4,0,0,5,0,0,0,4,0,0,1,0,2,4.3,2.64,0.61
13,50454,,Serginho,MEI,292.0,0,0,0,0,0,4,0,0,3,0,0,0,1,0,0,0,0,1,2.3,9.81,-0.03
13,52253,Réver Humberto Alves Araújo,Réver,ZAG,262.0,0,0,0,0,1,0,0,0,0,0,0,0,2,0,0,0,0,2,3.1,6.33,0.17
13,52674,Gilson Gomes do Nascimento,Gilson,LAT,327.0,0,0,0,0,0,1,0,0,3,0,0,0,1,0,0,0,0,0,1.3,2.09,0.22
13,51792,Antonio Eduardo Pereira dos Santos,Kanu,ZAG,287.0,0,0,0,1,2,1,0,1,2,0,0,0,0,0,0,1,0,2,-1.2,2.68,-0.16
13,60752,,Cristóvão Borges,TEC,264.0,0,0,0,0,0,0,0,0,0,0,0,0,0,0,0,0,0,0,9.15,14.24,1.41
13,62009,Fernando Camilo Farias,Camilo,MEI,263.0,0,1,0,0,0,1,0,0,4,0,0,0,0,0,0,0,0,0,4.3,11.82,-0.33
13,62974,Werley Ananias da Silva,Werley,ZAG,316.0,0,0,0,1,0,1,0,0,2,0,0,0,0,0,0,1,0,0,-1.1,2.61,-0.47
13,63000,,Victor Ramos,ZAG,287.0,0,0,0,1,0,0,0,0,0,0,0,0,3,0,0,1,0,5,1.6,8.25,-0.76
13,63014,,Gil,MEI,315.0,0,0,0,0,0,1,0,0,5,0,0,0,0,0,0,0,0,1,-1.5,5.47,-0.57
13,68904,,Vítor,LAT,344.0,0,0,0,0,0,0,0,0,3,0,0,0,3,0,0,1,0,1,1.7,5.83,0.26
13,80287,Luciano da Rocha Neves,Luciano,ATA,264.0,0,0,0,0,2,0,0,0,1,0,0,0,0,0,0,0,0,3,-0.4,5.31,-0.13
13,83189,Duvier Riacos Barahona,Riascos,ATA,283.0,0,1,0,2,0,3,0,1,0,0,0,0,0,0,0,0,0,1,7.5,7.07,1.4
13,91519,Colin Kazim-Richards,Kazim,ATA,294.0,0,0,0,0,0,0,0,0,2,0,0,0,0,0,0,0,0,1,-1.1,5.86,-1.44
13,71724,Agenor Detofol,Agenor,GOL,292.0,0,0,0,0,0,0,0,0,0,0,0,1,0,0,0,1,3,1,-5.5,1.9,-1.35
13,78994,,Eduardo Henrique,MEI,282.0,0,0,0,0,0,3,0,0,2,0,0,0,2,0,0,1,0,2,1.3,6.4,-0.59
13,62136,Marcelo de Oliveira Santos,Marcelo Oliveira,TEC,282.0,0,0,0,0,0,0,0,0,0,0,0,0,0,0,0,0,0,0,2.01,12.18,-1.0
13,86759,Luan Guilherme de Jesus Vieira,Luan,ATA,284.0,0,0,0,1,2,2,0,0,2,0,0,0,1,0,0,1,0,0,2.5,18.52,0.09
13,80370,Edson Felipe da Cruz,Edson,MEI,266.0,0,0,0,0,3,2,0,1,3,0,0,0,2,0,0,0,0,1,4.6,7.24,0.37
13,85241,,Yerry Mina,ZAG,275.0,0,0,0,1,0,2,0,0,1,0,0,0,1,0,0,1,0,2,0.4,6.38,-1.62
13,60780,,Vinícius Eutrópio,TEC,316.0,0,0,0,0,0,0,0,0,0,0,0,0,0,0,0,0,0,0,1.5,8.22,0.16
13,78855,Thiago dos Santos,Thiago Santos,MEI,275.0,0,1,0,0,0,1,0,0,1,0,0,0,3,0,0,1,0,5,5.8,5.89,0.97
13,85423,Wanderson Ferreira de Oliveira,Valdívia,MEI,285.0,0,0,0,0,0,2,0,0,0,0,0,0,0,0,0,0,0,0,1.0,13.34,0.03
13,74061,Roberto Junior Fernández Torres,Gatito Fernández,GOL,316.0,0,0,0,0,0,0,0,0,1,0,0,1,0,0,0,0,1,0,0.7,7.73,0.71
13,83266,Marcos Guilherme de Almeida Santos Matos,Marcos Guilherme ,MEI,293.0,0,0,0,0,0,0,0,0,1,0,0,0,1,0,0,0,0,0,1.4,3.3,0.22
13,73806,,Samuel ,ATA,266.0,0,0,0,0,1,0,0,0,0,0,0,0,0,0,0,0,0,0,0.7,3.29,-0.71
13,73620,Bruno Fabiano Alves,Bruno Alves,ZAG,316.0,0,0,0,1,1,2,0,0,1,0,0,0,0,0,0,0,0,1,1.9,11.85,0.37
13,73465,,Luccas Claro,ZAG,294.0,0,0,0,0,0,0,0,0,5,1,0,0,1,0,0,1,0,3,1.7,13.13,-0.59
13,73511,,Dudu,MEI,266.0,0,0,0,1,0,0,0,0,4,0,0,0,1,0,0,0,0,1,1.0,8.91,0.17
13,73085,,Leandro,ATA,294.0,0,0,0,1,0,0,0,1,5,0,0,0,1,0,0,0,0,2,-0.3,6.66,0.38
13,71778,,Bady,MEI,316.0,0,0,0,1,0,0,0,0,2,0,0,0,3,0,0,0,0,2,4.5,8.89,0.92
13,71799,Silvio José Cardoso Reis Junior,Silvinho,ATA,315.0,0,0,0,1,0,4,0,0,3,0,0,0,0,0,0,0,0,0,2.1,9.61,-1.65
13,73317,,Argel Fucks,TEC,285.0,0,0,0,0,0,0,0,0,0,0,0,0,0,0,0,0,0,0,3.45,10.98,0.36
13,71892,,Wellington Silva,LAT,266.0,0,0,0,2,0,5,0,0,1,1,0,0,5,0,0,0,0,1,17.2,13.02,2.65
13,73540,José Rogério de Oliveira,Rogério,ATA,292.0,0,0,0,0,3,6,0,1,3,0,0,0,0,0,0,0,0,0,3.7,7.63,0.13
13,73513,Francinilson Santos Meireles,Maranhão,MEI,266.0,0,0,0,1,0,1,0,0,0,0,0,0,0,0,0,0,0,0,1.5,2.32,0.49
13,37656,Fábio Deivson Lopes Maciel,Fábio,GOL,283.0,0,0,0,0,0,0,0,0,1,0,0,2,0,0,0,0,2,0,1.7,9.61,0.27
13,77959,Jonathan Copete Valencia,Copete,ATA,277.0,1,2,0,0,0,0,0,0,1,0,0,0,0,0,0,1,0,1,15.2,15.98,3.97
13,93153,,Pachequinho,TEC,294.0,0,0,0,0,0,0,0,0,0,0,0,0,0,0,0,0,0,0,3.17,8.99,-0.04
13,92837,,Sergio Vieira,TEC,327.0,0,0,0,0,0,0,0,0,0,0,0,0,0,0,0,0,0,0,0.57,5.95,-0.22
13,38230,,Grafite,ATA,344.0,0,0,0,0,0,0,0,1,0,0,0,0,0,0,0,0,0,2,-1.5,21.44,-0.46
13,38279,Wellington Pereira do Nascimento,Wellington Paulista,ATA,303.0,0,0,0,1,1,3,0,0,5,0,0,0,0,0,0,0,0,1,1.2,5.26,0.23
13,38287,Roger Rodrigues da Silva,Roger,ATA,303.0,0,0,0,0,0,0,0,0,0,0,0,0,1,0,0,0,0,1,1.2,4.92,0.13
13,38311,Márcio Rodrigues Araújo,Márcio Araújo,MEI,262.0,0,0,0,0,0,2,0,0,0,0,0,0,2,0,0,1,0,0,2.4,9.54,-0.08
13,38632,Matheus Ferraz Pereira,Matheus Ferraz,ZAG,292.0,0,0,0,1,0,0,0,0,4,0,0,0,0,0,0,1,0,1,-2.7,3.58,-2.89
13,38579,,Rodrigo Mancha,MEI,292.0,0,0,0,0,0,1,0,0,0,0,0,0,0,0,0,0,0,0,0.5,1.78,-0.32
13,38738,Douglas dos Santos,Douglas,MEI,284.0,1,0,0,0,1,1,0,0,3,0,0,0,0,0,0,0,0,0,8.3,8.06,0.82
13,38523,Edílson Mendes Guimarães,Edílson,LAT,284.0,0,0,0,0,0,3,0,0,1,1,0,0,2,0,0,1,0,0,7.6,10.77,1.06
13,38822,,Leandro Guerreiro,MEI,327.0,0,0,0,0,0,1,0,0,2,0,0,0,2,0,0,0,0,2,2.3,3.81,0.14
13,38852,,Anderson,MEI,285.0,0,0,0,0,0,1,0,0,0,0,0,0,1,0,0,1,0,0,0.2,12.11,-0.19
13,38908,Renato Dirnei Florêncio,Renato,MEI,277.0,0,1,0,0,0,0,0,0,2,0,0,0,2,0,0,0,0,0,7.8,13.21,1.01
13,39152,,Jonas,LAT,327.0,0,0,0,0,0,0,0,0,7,0,0,0,1,0,0,1,0,1,-2.9,0.8,-0.47
13,42213,,Fernando Bob,MEI,285.0,0,0,0,0,0,0,0,0,1,0,0,0,0,0,0,1,0,2,-3.3,8.8,-0.64
13,62047,Jean Raphael Vanderlei Moreira,Jean,MEI,275.0,0,0,0,0,1,0,0,0,3,0,0,0,0,0,0,0,0,1,-0.7,10.11,-1.01
13,62121,Vanderlei Farias da Silva,Vanderlei,GOL,277.0,0,0,0,0,0,0,0,0,0,1,0,1,0,0,0,0,0,0,8.0,14.17,0.99
13,62128,Walter Henrique da Silva,Walter,ATA,293.0,0,0,0,0,0,0,0,0,3,0,0,0,3,0,0,0,0,0,4.2,7.85,0.78
13,51683,,Bruno Rangel,ATA,315.0,0,0,0,1,0,1,0,1,0,0,0,0,1,0,0,0,0,3,1.2,14.73,-0.15
13,51548,,Giuliano,MEI,284.0,0,0,0,0,1,0,0,0,3,0,0,0,1,0,0,0,0,1,1.0,14.18,-2.26
13,51549,,Adalberto,ZAG,327.0,0,0,0,0,0,0,0,0,3,0,0,0,0,0,0,1,0,4,-4.9,4.2,-1.31
13,55519,,Edmílson,ATA,292.0,0,0,0,0,0,1,0,0,0,0,0,0,0,0,0,0,0,1,0.0,6.41,-0.33
13,56102,,João Paulo,MEI,294.0,0,0,0,0,0,1,0,0,3,0,0,0,2,0,0,0,0,2,2.0,5.93,0.89
13,63013,Marcos Luis Rocha Aquino,Marcos Rocha,LAT,282.0,0,0,0,0,0,1,0,0,0,0,0,0,2,0,0,0,0,0,3.9,17.88,-1.82
13,63058,Willian Roberto Farias,Willian Farias,MEI,287.0,0,0,0,0,0,0,0,0,1,0,0,0,1,0,0,0,0,2,0.4,5.91,-0.94
13,69022,Marcelo Cirino da Silva,Marcelo Cirino,ATA,262.0,0,0,0,1,1,0,0,2,3,0,0,0,0,0,0,0,0,0,-0.2,5.75,-0.51
13,68938,Giovanni Augusto Oliveira Cardoso,Giovanni Augusto,MEI,264.0,0,0,0,1,0,3,0,0,3,0,0,0,0,0,0,0,0,1,1.1,6.08,-0.35
13,68951,,Josimar,MEI,315.0,0,0,0,0,0,0,0,0,2,0,0,0,3,0,0,1,0,1,2.0,6.03,-0.04
13,68917,Vinicius Santos Silva,Vinicius,ATA,294.0,0,0,0,0,1,2,0,0,4,0,0,0,1,0,0,0,0,1,1.7,7.88,-0.05
13,68924,,Leandrinho,MEI,344.0,0,0,0,0,1,2,0,0,5,0,0,0,1,0,0,1,0,2,-1.1,3.15,-1.06
13,69041,,Muriel,GOL,285.0,0,0,0,0,0,0,0,0,1,0,0,1,0,0,0,0,1,0,0.7,2.31,-1.34
13,68954,Marcos Gabriel do Nascimento,Marquinhos Gabriel,MEI,264.0,0,0,0,1,0,0,0,0,3,0,0,0,0,0,0,0,0,0,0.1,10.61,-1.5
13,68925,Leonardo Fabiano da Silva e Silva,Leonardo Silva,ZAG,282.0,0,0,0,0,0,2,0,0,1,0,0,0,1,0,0,1,0,3,-1.1,17.15,-0.41
13,38394,Thiago Heleno Henrique Ferreira,Thiago Heleno,ZAG,293.0,0,0,0,0,0,0,0,0,2,1,0,0,0,0,0,0,0,1,3.9,8.2,0.89
13,38431,Diego Cavalieri,Diego Cavalieri,GOL,266.0,0,0,0,0,0,0,0,0,0,1,0,1,0,0,0,0,0,0,8.0,9.04,1.79
13,38451,Carlos Andrade Souza,Carlinhos,LAT,276.0,0,0,0,0,0,1,0,0,0,0,0,0,2,0,0,0,0,0,3.9,4.32,1.4
13,38530,,Cleiton Xavier,MEI,275.0,1,0,0,0,0,0,0,0,0,0,0,0,0,0,0,0,0,1,7.5,15.27,1.39
13,38425,,Fábio Ferreira,ZAG,303.0,0,0,0,0,1,1,0,0,2,1,0,0,0,0,0,1,0,3,2.1,6.43,-0.75
13,40990,Dorival Silvestre Júnior,Dorival Júnior,TEC,277.0,0,0,0,0,0,0,0,0,0,0,0,0,0,0,0,0,0,0,6.55,11.69,0.63
13,40025,Levir Culpi,Levir Culpi,TEC,266.0,0,0,0,0,0,0,0,0,0,0,0,0,0,0,0,0,0,0,4.93,12.44,0.71
13,40179,,Kleber,ATA,294.0,0,0,0,0,1,3,0,0,1,0,0,0,0,0,0,0,0,1,1.4,16.2,-0.27
13,41273,,Ricardo Gomes,TEC,263.0,0,0,0,0,0,0,0,0,0,0,0,0,0,0,0,0,0,0,5.85,9.45,0.53
13,42116,Willian Gomes de Siqueira,Willian,ATA,283.0,0,0,0,0,0,0,0,1,0,0,0,0,0,0,0,0,0,1,-1.0,11.59,-0.03
13,42222,Osvaldo Lourenço Filho,Osvaldo,ATA,266.0,0,0,0,0,1,1,0,1,5,0,0,0,0,0,0,0,0,0,-0.8,5.6,-0.36
13,42247,,Danny Morais,ZAG,344.0,0,0,0,0,0,0,0,0,3,0,0,0,1,0,0,0,0,1,0.3,0.9,-0.36
13,42234,Cássio Ramos,Cássio,GOL,264.0,0,0,0,0,0,0,0,0,0,1,0,3,0,0,0,0,0,0,14.0,20.84,1.91
13,39850,Vagner Carmo Mancini,Vagner Mancini,TEC,287.0,0,0,0,0,0,0,0,0,0,0,0,0,0,0,0,0,0,0,2.75,6.22,-0.24
13,38440,,Pierre,MEI,266.0,0,0,0,0,0,1,0,0,4,0,0,0,3,0,0,1,0,6,-0.6,7.89,-0.62
13,71116,Roberto Heuchayer Santos de Araújo,Roberto,LAT,344.0,0,0,0,0,0,1,0,0,4,0,0,0,3,0,0,0,0,0,4.4,1.61,0.83
13,68901,Rodrigo Pimpão Viana,Rodrigo Pimpão,ATA,263.0,0,0,0,0,1,0,0,0,4,0,0,0,1,0,0,0,0,2,0.2,4.73,-0.14
13,90290,Jaílson Marques Siqueira,Jailson,MEI,284.0,0,0,0,0,0,1,0,0,3,0,0,0,6,0,0,0,0,1,9.3,4.74,1.96
13,86972,Emerson Raymundo Santos,Emerson Santos,ZAG,263.0,0,0,0,0,0,2,0,0,3,0,0,0,5,0,0,0,0,0,8.6,6.01,1.26
13,70360,Eduardo Colcenti Antunes,Eduardo Sasha,ATA,285.0,0,0,0,1,3,0,0,1,3,0,0,0,1,0,0,0,0,0,3.4,11.7,0.69
13,73635,Rildo de Andrade Felicissimo,Rildo,ATA,264.0,1,0,0,0,0,1,0,0,0,0,0,0,0,0,0,0,0,0,8.5,5.68,0.68
13,86764,Sidcley Ferreira Pereira,Sidcley,LAT,293.0,0,0,0,0,0,3,0,0,1,1,0,0,2,0,0,0,0,1,9.1,6.77,1.41
13,71844,Thiago Galhardo do Nascimento Rocha,Thiago Galhardo,MEI,303.0,0,0,0,0,2,0,0,0,0,0,0,0,1,0,0,0,0,0,3.1,4.3,0.54
13,78478,Willian Souza Arão da Silva,Willian Arão,MEI,262.0,0,0,0,1,1,1,0,0,3,0,0,0,4,0,0,0,0,0,8.1,17.01,0.27
13,89815,Gustavo Henrique Ferrareis,Gustavo Ferrareis,MEI,285.0,0,0,0,1,1,1,0,1,2,0,0,0,0,0,0,0,0,0,1.1,3.0,0.11
13,86686,Danilo das Neves Pinheiro,Tchê Tchê,MEI,275.0,0,0,0,0,0,0,0,0,2,0,0,0,1,0,0,0,0,0,1.1,3.67,-1.01
13,78850,Reinaldo Manoel da Silva,Reinaldo,LAT,303.0,0,0,0,0,0,4,0,0,2,1,0,0,3,0,0,0,0,1,11.0,16.19,1.09
13,70173,,Ederson,MEI,262.0,0,0,1,0,1,3,0,0,0,0,0,0,2,0,0,1,0,3,5.6,6.55,-0.65
13,50856,Henrique Adriano Buss,Henrique,ZAG,266.0,0,0,1,1,0,0,0,0,0,1,0,0,0,0,0,0,0,0,9.5,11.77,1.41
13,55348,Luis Ricardo Silva Umbelino,Luis Ricardo,LAT,263.0,0,0,0,1,0,0,0,0,5,0,0,0,3,0,0,0,0,0,4.6,9.07,0.29
13,81682,Juan Ramón Cazares Sevillano,Cazares,MEI,282.0,0,0,0,1,3,0,0,0,2,0,0,0,0,0,0,0,0,0,2.5,13.49,-3.67
13,82787,,Joel,ATA,277.0,0,0,0,0,0,1,0,0,1,0,0,0,0,0,0,0,0,1,-0.3,5.97,-0.51
13,82952,,Ermel,ATA,316.0,1,0,0,0,1,3,0,1,4,0,0,0,0,0,0,0,0,3,7.0,10.52,1.26
13,83772,Neilton Meira Mestzk,Neilton,ATA,263.0,1,1,0,0,0,3,0,0,3,0,0,0,2,0,0,0,0,1,16.5,11.43,3.68
13,85027,Carlos Alberto Carvalho da Silva Júnior,Carlos,ATA,282.0,0,0,0,1,1,1,0,0,1,0,0,0,1,0,0,0,0,2,2.6,9.23,-0.74
13,84684,,Lucas Gomes,ATA,315.0,0,0,0,0,0,0,0,0,1,0,0,0,1,0,0,0,0,1,0.9,8.02,0.35
13,84848,Erik Nascimento Lima,Erik,ATA,275.0,1,0,0,0,0,1,0,0,1,0,0,0,0,0,0,1,0,1,5.7,4.42,0.58
13,83817,Clayson Henrique da Silva Vieira,Clayson,MEI,303.0,1,0,0,1,1,2,0,0,7,0,0,0,3,0,0,0,0,1,13.2,5.23,3.13
13,84890,,Euller ,LAT,287.0,0,0,0,1,0,1,0,0,4,0,0,0,0,0,0,0,0,0,0.3,4.17,-1.04
13,84917,Jeferson de Araújo de Carvalho,Jeferson,LAT,303.0,0,0,0,0,0,0,0,0,5,1,0,0,2,0,0,0,0,2,5.9,6.97,0.71
13,80583,Lucas Rafael Araujo Lima,Lucas Lima,MEI,277.0,0,0,0,0,0,2,0,0,9,0,0,0,2,0,0,0,0,2,0.7,16.73,0.09
13,82381,Adilson dos Anjos Oliveira,Juninho,MEI,327.0,0,0,0,1,0,0,0,0,1,0,0,0,2,0,0,0,0,0,4.1,5.88,0.44
13,86485,Marcos da Silva França,Keno,ATA,344.0,0,1,0,0,2,2,0,0,1,0,0,0,1,0,0,0,0,0,8.8,21.61,1.12
13,86757,Everton Sousa Soares,Everton,ATA,284.0,0,0,0,1,0,1,0,0,2,0,0,0,4,0,0,0,0,1,7.2,7.36,0.93
13,85040,,Gabriel Xavier,MEI,292.0,1,0,0,0,1,2,0,0,2,0,0,0,0,0,0,0,0,1,8.6,9.43,1.69
13,85591,,Artur,LAT,285.0,0,0,0,1,0,0,0,0,5,0,0,0,3,0,0,1,0,3,1.1,8.41,0.12
13,84558,Lucas Daniel Romero,Lucas Romero,MEI,283.0,0,0,0,0,1,0,0,0,5,0,0,0,3,0,0,1,0,1,1.8,1.77,-0.38
13,82758,Hyuri Henrique de Oliveira Costa,Hyuri,ATA,282.0,0,0,0,0,0,0,0,0,0,0,0,0,0,0,0,0,0,1,-0.5,6.0,-0.68
13,87213,,Pará,LAT,316.0,0,0,0,0,0,0,0,0,0,0,0,0,0,0,0,0,0,0,0.0,3.15,-0.85
13,87211,Eduardo Augusto Baptista Miguel,Eduardo Baptista,TEC,303.0,0,0,0,0,0,0,0,0,0,0,0,0,0,0,0,0,0,0,5.06,9.84,-0.25
13,87225,Pedro Henrique Ribeiro Gonçalves,Pedro Henrique,ZAG,264.0,0,0,0,0,1,0,0,0,1,1,0,0,3,0,0,1,0,0,8.5,2.93,0.84
13,87267,,Marcão,ZAG,293.0,0,0,0,0,0,0,0,0,0,1,0,0,0,0,0,0,0,0,5.0,2.98,0.3
13,87391,,Allano,ATA,283.0,0,0,0,0,0,1,0,1,0,0,0,0,1,0,0,0,0,2,0.7,2.9,-0.02
13,93151,Thiago Nascimento dos Santos,Thiago Santos,ATA,262.0,0,0,0,0,0,2,0,1,1,0,0,0,0,0,0,0,0,0,0.2,0.81,0.03
13,80552,,Marquinhos Pedroso,LAT,316.0,0,0,0,0,1,3,0,0,1,0,0,0,0,0,0,0,0,0,1.9,7.69,-0.05
13,82627,,Luiz Araújo,MEI,276.0,0,0,0,0,0,0,0,0,0,0,0,0,0,0,0,0,0,1,-0.5,1.73,-0.39
13,82463,,Otávio,MEI,293.0,0,0,0,0,1,1,0,0,3,0,0,0,0,0,0,1,0,2,-2.7,13.63,-1.42
13,82653,,Victor Rangel,ATA,327.0,0,0,0,0,1,3,0,0,2,0,0,0,1,0,0,0,0,2,2.3,6.88,0.37
